{
  "accuracy": 0.0,
  "precision": 0.8195078425442939,
  "recall": 0.9246752199133996,
  "f1Score": 0.854836298815248,
  "stability": 1.0
}